https://strikkenett.no/produkt/garn/drops/drops-merino-extra-fine|01 - natur|538
https://strikkenett.no/produkt/garn/drops/drops-merino-extra-fine|02 - sort|127
https://strikkenett.no/produkt/garn/drops/drops-merino-extra-fine|03 - mørk grå|223
https://strikkenett.no/produkt/garn/drops/drops-merino-extra-fine|04 - mellomgrå|284
https://strikkenett.no/produkt/garn/drops/drops-merino-extra-fine|05 - lys grå|188
https://strikkenett.no/produkt/garn/drops/drops-merino-extra-fine|06 - brun|385
https://strikkenett.no/produkt/garn/drops/drops-merino-extra-fine|07 - lys brun|341
https://strikkenett.no/produkt/garn/drops/drops-merino-extra-fine|08 - lys beige|255
https://strikkenett.no/produkt/garn/drops/drops-merino-extra-fine|09 - mørk brun|155
https://strikkenett.no/produkt/garn/drops/drops-merino-extra-fine|11 - rød|286
https://strikkenett.no/produkt/garn/drops/drops-merino-extra-fine|13 - jeansblå|63
https://strikkenett.no/produkt/garn/drops/drops-merino-extra-fine|14 - stålblå|203
https://strikkenett.no/produkt/garn/drops/drops-merino-extra-fine|15 - lys grågrønn|317
https://strikkenett.no/produkt/garn/drops/drops-merino-extra-fine|16 - lys rosa|235
https://strikkenett.no/produkt/garn/drops/drops-merino-extra-fine|17 - cerise|136
https://strikkenett.no/produkt/garn/drops/drops-merino-extra-fine|18 - eplegrønn|122
https://strikkenett.no/produkt/garn/drops/drops-merino-extra-fine|19 - lys gråblå|281
https://strikkenett.no/produkt/garn/drops/drops-merino-extra-fine|20 - mørk blå|234
https://strikkenett.no/produkt/garn/drops/drops-merino-extra-fine|21 - lilla|374
https://strikkenett.no/produkt/garn/drops/drops-merino-extra-fine|22 - lys lilla|139
https://strikkenett.no/produkt/garn/drops/drops-merino-extra-fine|23 - gråblå|332
https://strikkenett.no/produkt/garn/drops/drops-merino-extra-fine|24 - lys gul|288
https://strikkenett.no/produkt/garn/drops/drops-merino-extra-fine|25 - rosa|369
https://strikkenett.no/produkt/garn/drops/drops-merino-extra-fine|26 - pistasj|304
https://strikkenett.no/produkt/garn/drops/drops-merino-extra-fine|27 - marineblå|676
https://strikkenett.no/produkt/garn/drops/drops-merino-extra-fine|28 - nordsjøen|219
https://strikkenett.no/produkt/garn/drops/drops-merino-extra-fine|29 - turkis|440
https://strikkenett.no/produkt/garn/drops/drops-merino-extra-fine|30 - sennep|451
https://strikkenett.no/produkt/garn/drops/drops-merino-extra-fine|31 - skogsgrønn|388
https://strikkenett.no/produkt/garn/drops/drops-merino-extra-fine|32 - mørk rose|219
https://strikkenett.no/produkt/garn/drops/drops-merino-extra-fine|33 - rose|291
https://strikkenett.no/produkt/garn/drops/drops-merino-extra-fine|34 - lyng|439
https://www.strikkemekka.no/Drops-MerinoExtraFine|01 - NATUR UNI|120
https://www.strikkemekka.no/Drops-MerinoExtraFine|02 - SORT UNI|134
https://www.strikkemekka.no/Drops-MerinoExtraFine|03 - MØRK GRÅ MIX|135
https://www.strikkemekka.no/Drops-MerinoExtraFine|04 - MELLOMGRÅ MIX|138
https://www.strikkemekka.no/Drops-MerinoExtraFine|05 - LYS GRÅ MIX|33
https://www.strikkemekka.no/Drops-MerinoExtraFine|06 - BRUN MIX|60
https://www.strikkemekka.no/Drops-MerinoExtraFine|07 - LYS BRUN MIX|94
https://www.strikkemekka.no/Drops-MerinoExtraFine|08 - LYS BEIGE MIX|0
https://www.strikkemekka.no/Drops-MerinoExtraFine|09 - MØRK BRUN UNI|55
https://www.strikkemekka.no/Drops-MerinoExtraFine|11 - RØD UNI|161
https://www.strikkemekka.no/Drops-MerinoExtraFine|14 - STÅLBLÅ UNI|19
https://www.strikkemekka.no/Drops-MerinoExtraFine|15 - LYS GRÅGRØNN UNI|56
https://www.strikkemekka.no/Drops-MerinoExtraFine|13 - JEANSBLÅ UNI|46
https://www.strikkemekka.no/Drops-MerinoExtraFine|16 - LYS ROSA UNI|254
https://www.strikkemekka.no/Drops-MerinoExtraFine|17 - CERISE UNI|26
https://www.strikkemekka.no/Drops-MerinoExtraFine|18 - EPLEGRØNN UNI|234
https://www.strikkemekka.no/Drops-MerinoExtraFine|19 - LYS GRÅBLÅ UNI|129
https://www.strikkemekka.no/Drops-MerinoExtraFine|20 - MØRK BLÅ UNI|198
https://www.strikkemekka.no/Drops-MerinoExtraFine|21 - LILLA UNI|70
https://www.strikkemekka.no/Drops-MerinoExtraFine|22 - LYS LILLA UNI|84
https://www.strikkemekka.no/Drops-MerinoExtraFine|23 - GRÅBLÅ UNI|0
https://www.strikkemekka.no/Drops-MerinoExtraFine|24 - LYS GUL UNI|92
https://www.strikkemekka.no/Drops-MerinoExtraFine|25 - ROSA UNI|101
https://www.strikkemekka.no/Drops-MerinoExtraFine|28 - NORDSJØEN UNI|267
https://www.strikkemekka.no/Drops-MerinoExtraFine|30 - SENNEP UNI|122
https://www.strikkemekka.no/Drops-MerinoExtraFine|31 - SKOGSGRØNN UNI|0
https://www.strikkemekka.no/Drops-MerinoExtraFine|32 - MØRK ROSE UNI|200
https://www.strikkemekka.no/Drops-MerinoExtraFine|33 - ROSE UNI|213
https://www.strikkemekka.no/Drops-MerinoExtraFine|34 - LYNG UNI|207
https://www.strikkemekka.no/Drops-MerinoExtraFine|35 - MØRK LYNG UNI|7
https://www.strikkemekka.no/Drops-MerinoExtraFine|29 - TURKIS UNI|194
https://www.strikkemekka.no/Drops-MerinoExtraFine|26 - PISTASJ UNI|172
https://www.strikkemekka.no/Drops-MerinoExtraFine|27 - MARINEBLÅ|177
https://www.strikkemekka.no/Drops-Karisma|01 - NATURHVIT UNI|94
https://www.strikkemekka.no/Drops-Karisma|04 - SJOKOLADEBRUN UNI|33
https://www.strikkemekka.no/Drops-Karisma|05 - SORT UNI|60
https://www.strikkemekka.no/Drops-Karisma|07 - KORNBLÅ UNI|60
https://www.strikkemekka.no/Drops-Karisma|11 - ORANGE UNI|40
https://www.strikkemekka.no/Drops-Karisma|13 - CERISE UNI|31
https://www.strikkemekka.no/Drops-Karisma|16 - MØRK GRÅ MIX|100
https://www.strikkemekka.no/Drops-Karisma|17 - MARINEBLÅ UNI|101
https://www.strikkemekka.no/Drops-Karisma|18 - RØD UNI|60
https://www.strikkemekka.no/Drops-Karisma|19 - HVIT UNI|45
https://www.strikkemekka.no/Drops-Karisma|21 - MELLOMGRÅ MIX|39
https://www.strikkemekka.no/Drops-Karisma|30 - LYS JEANSBLÅ UNI|345
https://www.strikkemekka.no/Drops-Karisma|33 - MELLOMROSA UNI|20
https://www.strikkemekka.no/Drops-Karisma|37 - MØRK BLÅGRØNN UNI|18
https://www.strikkemekka.no/Drops-Karisma|39 - MØRK GAMMELROSA UNI|117
https://www.strikkemekka.no/Drops-Karisma|40 - LYS GAMMELROSA UNI|41
https://www.strikkemekka.no/Drops-Karisma|44 - LYS GRÅ MIX|53
https://www.strikkemekka.no/Drops-Karisma|45 - LYS OLIVEN UNI|201
https://www.strikkemekka.no/Drops-Karisma|47 - SKOGSGRØNN UNI|65
https://www.strikkemekka.no/Drops-Karisma|48 - VINRØD UNI|95
https://www.strikkemekka.no/Drops-Karisma|50 - GRØNN MIX|32
https://www.strikkemekka.no/Drops-Karisma|52 - SENNEPSGUL UNI|148
https://www.strikkemekka.no/Drops-Karisma|53 - KOKSGRÅ MIX|277
https://www.strikkemekka.no/Drops-Karisma|54 - BEIGE MELERT MIX|27
https://www.strikkemekka.no/Drops-Karisma|55 - LYS BRUNMELERT MIX|70
https://www.strikkemekka.no/Drops-Karisma|56 - MØRK BRUN MIX|36
https://www.strikkemekka.no/Drops-Karisma|57 - OLIVEN UNI|36
https://www.strikkemekka.no/Drops-Karisma|60 - BLÅ TURKIS UNI|77
https://www.strikkemekka.no/Drops-Karisma|64 - GRÅLILLA UNI|4
https://www.strikkemekka.no/Drops-Karisma|65 - JEANSBLÅ UNI|60
https://www.strikkemekka.no/Drops-Karisma|66 - LYS STØVROSA UNI|25
https://www.strikkemekka.no/Drops-Karisma|68 - LYS HIMMELBLÅ UNI|124
https://www.strikkemekka.no/Drops-Karisma|69 - LYS GRÅGRØNN UNI|39
https://www.strikkemekka.no/Drops-Karisma|70 - LYS BLÅGRÅ UNI|52
https://www.strikkemekka.no/Drops-Karisma|71 - SØLVROSA UNI|172
https://www.strikkemekka.no/Drops-Karisma|72 - LYS PERLEGRÅ MIX|90
https://www.strikkemekka.no/Drops-Karisma|73 - PETROL MIX|30
https://www.strikkemekka.no/Drops-Karisma|74 - LAVENDEL MIX|9
https://www.strikkemekka.no/Drops-Karisma|75 - PETROL CERISE MIX|59
https://www.strikkemekka.no/Drops-Karisma|76 - MØRK LILLA UNI|13
https://www.strikkemekka.no/Drops-Karisma|78 - KORALL UNI|25
https://www.strikkemekka.no/Drops-Karisma|77 - LYS EIK MIX|31
